{"version":2,"hash":{"type":"Buffer","data":"V5j2UKDg5ps0VgAdN26+gNyeRSp/+m/pLYTFgjelGlLXGKifsImkhuT/rRgx/RvIp0kJGlaAo1yheCLmsREzbLF9p5aUB1C3uz/+mr36P1yRufF3PvlByYZwaITRAN4qoh5JCCRv3ik5MPwVA2APmzCImm5krualqhIfDPWJke0="},"indexValueMap":{"KnPlJYLZCnQL6fZ0spS0xQeENF99h89eDUVTKZhNMWI=":{"valueMac":{"type":"Buffer","data":"QQ+xUjl5eJAwtEZ+MyH5v8JoZp+9RmNqQ33UZopVA6w="}},"cBfjridrP6Ay68l06agqyN0QbEHGGPe4qR3MnpLgqGc=":{"valueMac":{"type":"Buffer","data":"vnxdE0yyEVoYJwRGa0GZ5Uee8GXdsfRnk1yrwUlpVIk="}},"6YPee3D7V7+JokhkjvTkb2l2r7/8gaIfVgSG9E7HJEM=":{"valueMac":{"type":"Buffer","data":"Wlk1CuxNJQkjCZYAGWKbTmDocCG4OYMV2CfIQ0Nu/J0="}}}}