{"noiseKey":{"private":{"type":"Buffer","data":"UEjX/Vfod4iNnAUeL7itcFaAVh6ZdhFO71mef7sPSWg="},"public":{"type":"Buffer","data":"l2sVqWdi3/j2L5wsHa5HhgD/u9voc7P5EflkFpv2lhI="}},"pairingEphemeralKeyPair":{"private":{"type":"Buffer","data":"MPNNGs9PD7BD71lgLsiUvYEdXVUVjnOhRB+PmRv1SFQ="},"public":{"type":"Buffer","data":"EgcW4LN6+UAMSxNtHIckh7Pp9ziCUkhuwbiph1khRig="}},"signedIdentityKey":{"private":{"type":"Buffer","data":"SP9nZifMf11a75dortcSAJcWDr200pXcRh7mIj2Xe2k="},"public":{"type":"Buffer","data":"FYVCoyMmNXkRrNrlZN3H/FD59jVdl3Kw/nfMtzU5vic="}},"signedPreKey":{"keyPair":{"private":{"type":"Buffer","data":"cIuTX7x1gIWvdGqaem+K4PCedu59lU5O8/P7G4Wh9kk="},"public":{"type":"Buffer","data":"DKfTHWY8pcOxWEuh6438oyDHcemHkALzKGXAblg6ans="}},"signature":{"type":"Buffer","data":"ixfZy46IbaK4lugdHNiCzt0frMgsQnNrw9VoVbHK4gfjjTnNKKeR7Il/gV3+cdlbjnCwv9hCxeQxgRYPEz4Zhw=="},"keyId":1},"registrationId":98,"advSecretKey":"9x/YpJvTBgCTwLfuKNBO1r6uwj4NGnMHhutMoR59lw4=","processedHistoryMessages":[],"nextPreKeyId":32,"firstUnuploadedPreKeyId":32,"accountSyncCounter":1,"accountSettings":{"unarchiveChats":false},"deviceId":"QqsJpyE9R_-52YLpNiZEyw","phoneId":"758ef42b-732c-48bb-8334-304c6a412af8","identityId":{"type":"Buffer","data":"jdxTFAbT6FRavtWG3fXTcbg6vos="},"registered":true,"backupToken":{"type":"Buffer","data":"kIq3KjZGBpLL1XazZl5tv0GK+jE="},"registration":{},"pairingCode":"HXBYFLIX","me":{"id":"201143846668:4@s.whatsapp.net","lid":"222102103838933:4@lid","name":"اعدام"},"account":{"details":"CMiwtfcEEIKF08sGGAQgACgA","accountSignatureKey":"cCkPYQ5GMu4y42PihHMR02WPQgAIfx77128PHpHq6Bo=","accountSignature":"rJZP8LT9tkwGZFpa2pCdh3siYNNyBj5IklsdG8Du6KfR/cNjPTItXXJc/ntsoU3yAcNfWMUfdk/ob7ZrmcYUCg==","deviceSignature":"2nI02Uymy0urxeZlj1eqUtKtRdC9Mz8xziX1zNXNsjRkyHwmGUXPW6eDnwF01vGSFEuzNzSIYyzTAqX/zXUvhQ=="},"signalIdentities":[{"identifier":{"name":"201143846668:4@s.whatsapp.net","deviceId":0},"identifierKey":{"type":"Buffer","data":"BXApD2EORjLuMuNj4oRzEdNlj0IACH8e+9dvDx6R6uga"}}],"platform":"android","routingInfo":{"type":"Buffer","data":"CAsIBQgI"},"lastAccountSyncTimestamp":1769259655,"myAppStateKeyId":"AAAAAGmj","lastPropHash":"1K4hH4"}