{"_sessions":{"BTGzq6CbtL7wF/65pxS0hUNATE0fH/fAujUqnwmT9YFw":{"registrationId":220220723,"currentRatchet":{"ephemeralKeyPair":{"pubKey":"BeTB/d1PXuSf2++7pgAhsThma3By3moUNC5Z6FziX+lJ","privKey":"qIX6HIzhdTe6Vyo/dRvFbvKfc3lLeMwMy8IrBPqgqHE="},"lastRemoteEphemeralKey":"BUFSIBqsh74YThY+xbYgzZqaZ6YJ5dMzsq1CBlMjVp5t","previousCounter":2,"rootKey":"ZzGRww7LET7+PdIKOzVa+B8DN8eRtIFFKeLObHjqdvA="},"indexInfo":{"baseKey":"BTGzq6CbtL7wF/65pxS0hUNATE0fH/fAujUqnwmT9YFw","baseKeyType":2,"closed":-1,"used":1769259696042,"created":1769259656509,"remoteIdentityKey":"BXApD2EORjLuMuNj4oRzEdNlj0IACH8e+9dvDx6R6uga"},"_chains":{"BRX0+fniYwTXoWLUbeRD0JIOIX0bsnioC36bVSVBNO07":{"chainKey":{"counter":6},"chainType":2,"messageKeys":{"6":"BADd6Xh5nRJuLsjNW6WmadxQ8OCpdhhyYY9BXasZOCU="}},"BUFSIBqsh74YThY+xbYgzZqaZ6YJ5dMzsq1CBlMjVp5t":{"chainKey":{"counter":2,"key":"FYIBkHqgpzGIMW3vzL7HJAThcVGWrfmmGgPpMNzekoY="},"chainType":2,"messageKeys":{"0":"CWpdcbWw4soap//EDZCBVqUqvgEEE14ZlPlLu+KwKI0=","1":"OQbSkBevNUm+pO0czIVzuNTefA8pdA/UsSFFdYIBEP0="}},"BeTB/d1PXuSf2++7pgAhsThma3By3moUNC5Z6FziX+lJ":{"chainKey":{"counter":-1,"key":"p9RqZEZcU6FFTDaIgXSTVO65gwdD53t/vhpZAMY8oSE="},"chainType":1,"messageKeys":{}}}}},"version":"v1"}