{"_sessions":{"Bf+5pNp7JmxCEKy3MCATYYRZWoPnb0sEhw842qJw2jYR":{"registrationId":45,"currentRatchet":{"ephemeralKeyPair":{"pubKey":"BeP/uYbzKTga0mjZbGLnJGs/Uqtb1Ndu6/4qP0+Dqdda","privKey":"qKyyxhpbROdc/QR0/qF9ltxMxEBgI30xZjovoXJiQGE="},"lastRemoteEphemeralKey":"Bdo+JJ3ReG3UCDfnZQVuszayI5aGBHBxRdYjCKua26cV","previousCounter":0,"rootKey":"K2hQ1Rl+D3paCiaYTfRE1kJqYMbqeKx5GME2agARizc="},"indexInfo":{"baseKey":"Bf+5pNp7JmxCEKy3MCATYYRZWoPnb0sEhw842qJw2jYR","baseKeyType":1,"closed":-1,"used":1769259670677,"created":1769259670677,"remoteIdentityKey":"BQw1D+8+LkBipiqS6WD5eGzHRAn2hRQnTthFjrXJfYta"},"_chains":{"BeP/uYbzKTga0mjZbGLnJGs/Uqtb1Ndu6/4qP0+Dqdda":{"chainKey":{"counter":2,"key":"6b/DK4epvVuR9ybVIRQo2FEax7CKYOpRSqPCHSCULM8="},"chainType":1,"messageKeys":{}}},"pendingPreKey":{"signedKeyId":1,"baseKey":"Bf+5pNp7JmxCEKy3MCATYYRZWoPnb0sEhw842qJw2jYR","preKeyId":14}}},"version":"v1"}