{"_sessions":{"BeMfMKaKrkm96XWOuczxuCz7tKiNNCiw8kUGAR9naQMb":{"registrationId":170,"currentRatchet":{"ephemeralKeyPair":{"pubKey":"BUO3imHYtuiPpTvlwqcMIhuJdV1jBJMAmD/LFo/vJ1VB","privKey":"OLUSDnuQWasVEUUSO0tiFDRW5u43E8fU+p0U2sP6JHs="},"lastRemoteEphemeralKey":"BedoxOMXUf6dF/FxTNcL0MoBw1WtdrbDkAplvPDhoT5g","previousCounter":0,"rootKey":"MgBjz5OY0BF20Q6VMMiFwPUJMS/muh3Y2qs3j8tQeSo="},"indexInfo":{"baseKey":"BeMfMKaKrkm96XWOuczxuCz7tKiNNCiw8kUGAR9naQMb","baseKeyType":1,"closed":-1,"used":1769259670688,"created":1769259670688,"remoteIdentityKey":"BTKO/pYiLglKUcY0CdgafjSb08rZFNBTWHr6PkxuuoUk"},"_chains":{"BUO3imHYtuiPpTvlwqcMIhuJdV1jBJMAmD/LFo/vJ1VB":{"chainKey":{"counter":2,"key":"w2GxIctF/hg1IiVc+SMhSk91Ce44M27lPYjDTM9fQF4="},"chainType":1,"messageKeys":{}}},"pendingPreKey":{"signedKeyId":1,"baseKey":"BeMfMKaKrkm96XWOuczxuCz7tKiNNCiw8kUGAR9naQMb","preKeyId":18}}},"version":"v1"}